session_id,history_session_at,source_type,avg_power_w,used_text,theoretical_text,eligibility,scene,network,navigation,context_source,network_coverage,app_attribution_quality,raw_file
2026-07-18 12:36,2026-07-18 12:36,scene_history_detail,2.48,2h35m,7h8m,main,mixed_unknown_legacy,unknown,,baseline_confirmed,none_before_timeline,good,sync_raw/detail-2026-07-18-12-36-20260905-183940-24753-1.txt
2026-07-18 22:14,2026-07-18 22:14,scene_history_detail,2.6,1h18m,6h49m,main,unknown,unknown,,none,none_before_timeline,good,sync_raw/detail-2026-07-18-22-14-20260905-183456-9912-1.txt
2026-07-19 17:26,2026-07-19 17:26,scene_history_detail,2.94,1h10m,6h2m,main,unknown,unknown,,none,none_before_timeline,good,sync_raw/detail-2026-07-19-17-26-20260905-182903-23492-1.txt
2026-07-20 11:43,2026-07-20 11:43,scene_history_detail,3.3,1h7m,5h21m,main,unknown,unknown,,none,none_before_timeline,good,sync_raw/detail-2026-07-20-11-43-20260905-182421-8844-1.txt
2026-07-20 19:54,2026-07-20 19:54,scene_history_detail,3.13,1h,5h39m,main,unknown,unknown,,none,none_before_timeline,good,sync_raw/detail-2026-07-20-19-54-20260905-181907-22740-1.txt
2026-07-21 20:29,2026-07-21 20:29,scene_history_detail,1.36,1h2m,13h1m,main,unknown,unknown,,none,none_before_timeline,good,sync_raw/detail-2026-07-21-20-29-20260905-181451-8553-1.txt
2026-07-21 23:43,2026-07-21 23:43,scene_history_detail,3.73,1h50m,4h45m,main,mixed_unknown_legacy,unknown,,baseline_confirmed,none_before_timeline,good,sync_raw/detail-2026-07-21-23-43-20260905-180451-19483-1.txt
2026-07-22 20:37,2026-07-22 20:37,scene_history_detail,2.56,1h4m,6h55m,main,unknown,unknown,,none,none_before_timeline,good,sync_raw/detail-2026-07-22-20-37-20260905-180016-495-1.txt
2026-07-23 20:53,2026-07-23 20:53,scene_history_detail,2.05,4h5m,8h38m,main,unknown,unknown,,none,none_before_timeline,partial,sync_raw/detail-2026-07-23-20-53-20260905-175426-18438-2.txt
2026-07-24 10:18,2026-07-24 10:18,scene_history_detail,3.62,30m3s,4h53m,main,unknown,unknown,,none,none_before_timeline,good,sync_raw/detail-2026-07-24-10-18-20260905-175426-18438-1.txt
2026-07-25 12:48,2026-07-25 12:48,scene_history_detail,3.09,1h40m,5h43m,main,mixed_unknown_legacy,unknown,,baseline_confirmed,none_before_timeline,good,sync_raw/detail-2026-07-25-12-48-20260905-174354-18787-1.txt
2026-07-26 11:04,2026-07-26 11:04,scene_history_detail,3.54,3h45m,5h,main,mixed_unknown_legacy,unknown,,baseline_confirmed,none_before_timeline,good,sync_raw/detail-2026-07-26-11-04-20260905-173940-1464-1.txt
2026-07-26 20:20,2026-07-26 20:20,scene_history_detail,2.15,59m45s,8h14m,main,unknown,unknown,,none,none_before_timeline,good,sync_raw/detail-2026-07-26-20-20-20260905-173447-21909-1.txt
2026-07-27 10:20,2026-07-27 10:20,scene_history_detail,3.71,1h59m,4h46m,main,mixed_unknown_legacy,unknown,,baseline_confirmed,none_before_timeline,good,sync_raw/detail-2026-07-27-10-20-20260905-172453-24179-1.txt
2026-07-28 17:32,2026-07-28 17:32,scene_history_detail,2.4,1h2m,7h22m,main,unknown,unknown,,none,none_before_timeline,good,sync_raw/detail-2026-07-28-17-32-20260905-171949-12383-1.txt
2026-07-29 13:56,2026-07-29 13:56,scene_history_detail,3.01,1h9m,5h52m,main,mixed_unknown_legacy,unknown,,baseline_confirmed,none_before_timeline,good,sync_raw/detail-2026-07-29-13-56-20260905-171320-24165-2.txt
2026-08-01 09:39,2026-08-01 09:39,scene_history_detail,2.43,37m8s,7h18m,main,unknown,unknown,,none,none_before_timeline,good,sync_raw/detail-2026-08-01-09-39-20260905-171320-24165-1.txt
2026-08-01 12:41,2026-08-01 12:41,scene_history_detail,2.95,32m51s,6h,main,unknown,unknown,,none,none_before_timeline,good,sync_raw/detail-2026-08-01-12-41-20260905-170344-31143-2.txt
2026-08-05 17:44,2026-08-05 17:44,scene_history_detail,3.06,30m15s,5h47m,main,unknown,unknown,,none,none_before_timeline,good,sync_raw/detail-2026-08-05-17-44-20260905-170344-31143-1.txt
2026-08-05 22:57,2026-08-05 22:57,scene_history_detail,3.98,1h9m,4h27m,main,mixed_unknown_legacy,unknown,,baseline_confirmed,none_before_timeline,good,sync_raw/detail-2026-08-05-22-57-20260905-165340-14435-2.txt
2026-08-06 17:21,2026-08-06 17:21,scene_history_detail,4.07,42m,4h21m,main,unknown,unknown,,none,none_before_timeline,good,sync_raw/detail-2026-08-06-17-21-20260905-165340-14435-1.txt
2026-08-06 23:29,2026-08-06 23:29,scene_history_detail,2.57,1h42m,6h54m,main,mixed_unknown_legacy,unknown,,baseline_confirmed,none_before_timeline,good,sync_raw/detail-2026-08-06-23-29-20260905-164419-22142-2.txt
2026-08-08 16:04,2026-08-08 16:04,scene_history_detail,2.74,46m27s,6h28m,main,unknown,unknown,,none,none_before_timeline,good,sync_raw/detail-2026-08-08-16-04-20260905-164419-22142-1.txt
2026-08-08 21:54,2026-08-08 21:54,scene_history_detail,2.51,1h7m,7h3m,main,mixed_unknown_legacy,unknown,,baseline_confirmed,none_before_timeline,good,sync_raw/detail-2026-08-08-21-54-20260905-163350-24220-2.txt
2026-08-09 20:59,2026-08-09 20:59,scene_history_detail,1.47,4h17m,12h4m,main,unknown,unknown,,none,none_before_timeline,good,sync_raw/detail-2026-08-09-20-59-20260905-163350-24220-1.txt
2026-08-10 21:27,2026-08-10 21:27,scene_history_detail,2.45,57m27s,7h14m,main,unknown,unknown,,none,none_before_timeline,good,sync_raw/detail-2026-08-10-21-27-20260905-163114-15165-1.txt
2026-08-17 12:25,2026-08-17 12:25,scene_history_detail,1.78,31m33s,9h57m,main,unknown,unknown,,none,none_before_timeline,good,sync_raw/detail-2026-08-17-12-25-20260905-161703-14991-3.txt
2026-08-26 14:57,2026-08-26 14:57,scene_history_detail,2.95,35m42s,6h,main,unknown,unknown,,none,none_before_timeline,good,sync_raw/detail-2026-08-26-14-57-20260905-154241-10995-2.txt
2026-08-31 16:30,2026-08-31 16:30,scene_history_detail,1.97,5h17m,9h,main,home_wifi,wifi,false,baseline_confirmed,none_before_timeline,good,sync_raw/detail-2026-08-31-16-30-20260905-154241-10995-1.txt
2026-08-31 23:08,2026-08-31 23:08,scene_history_detail,2.31,2h21m,7h39m,main,home_wifi,wifi,false,baseline_confirmed,none_before_timeline,good,sync_raw/detail-2026-08-31-23-08-20260905-153806-25610-1.txt
2026-09-01 17:19,2026-09-01 17:19,scene_history_detail,2.07,2h13m,8h34m,main,unknown,unknown,,none,none_before_timeline,good,sync_raw/detail-2026-09-01-17-19-20260905-161703-14991-2.txt
2026-09-01 20:58,2026-09-01 20:58,scene_history_detail,1.91,40m47s,9h18m,main,unknown,unknown,,none,none_before_timeline,good,sync_raw/detail-2026-09-01-20-58-20260905-153102-9150-1.txt
2026-09-02 07:28,2026-09-02 07:28,scene_history_detail,2.31,1h36m,7h39m,main,home_wifi,wifi,false,baseline_confirmed,none_before_timeline,good,sync_raw/detail-2026-09-02-07-28-20260905-152531-27441.txt
2026-09-02 15:20,2026-09-02 15:20,scene_history_detail,3.17,2h15m,5h35m,main,unknown,unknown,,none,none_before_timeline,good,sync_raw/detail-2026-09-02-15-20.txt
2026-09-02 20:12,2026-09-02 20:12,scene_history_detail,1.84,1h40m,9h38m,main,unknown,unknown,,none,none_before_timeline,good,sync_raw/detail-2026-09-02-20-12-20260905-152231-21268.txt
2026-09-03 07:26,2026-09-03 07:26,scene_history_detail,3.15,2h24m,5h37m,main,unknown,unknown,,none,none_before_timeline,good,sync_raw/detail-2026-09-03-07-26-20260905-152039-15062.txt
2026-09-03 17:02,2026-09-03 17:02,scene_history_detail,2.5,1h4m,7h5m,main,unknown,unknown,,none,none_before_timeline,good,sync_raw/detail-2026-09-03-17-02.txt
2026-09-03 19:31,2026-09-03 19:31,scene_history_detail,2.12,1h26m,8h20m,main,unknown,unknown,,none,none_before_timeline,good,sync_raw/detail-2026-09-03-19-31-20260905-161703-14991-1.txt
2026-09-03 22:30,2026-09-03 22:30,scene_history_detail,1.92,47m30s,9h14m,main,unknown,unknown,,none,none_before_timeline,good,sync_raw/detail-2026-09-03-22-30.txt
2026-09-04 07:27,2026-09-04 07:27,scene_history_detail,2.69,1h56m,6h35m,main,unknown,unknown,,none,none_before_timeline,good,sync_raw/detail-2026-09-04-07-27.txt
2026-09-04 13:23,2026-09-04 13:23,scene_history_detail,1.67,45m45s,10h35m,main,unknown,unknown,,none,none_before_timeline,good,sync_raw/detail-2026-09-04-13-23.txt
